run_id,name,start_date,elapsed_time,count,avg_time,calories
14425915457,Push-Ups Workout • Free Goal,2025-05-09 21:14:19+00:00,36,41,0.79,12.99
14432125091,Push-Ups Workout • Free Goal,2025-05-10 14:55:11+00:00,139,80,0.89,25.35
14432838878,Push-Ups Workout • Free Goal,2025-05-10 16:09:16+00:00,52,50,0.98,15.84
14435642291,Push-Ups Workout • Free Goal,2025-05-10 20:25:08+00:00,40,50,0.77,15.84
14435651379,Push-Ups Workout • Free Goal,2025-05-10 20:27:44+00:00,33,40,0.78,12.68
14442875629,Push-Ups Workout • Free Goal,2025-05-11 15:15:34+00:00,36,41,0.81,12.99
14443657897,Push-Ups Workout • Free Goal,2025-05-11 16:26:15+00:00,39,40,0.88,12.68
14443673377,Push-Ups Workout • Free Goal,2025-05-11 16:27:55+00:00,46,40,1.08,12.68
14444220321,Push-Ups Workout • Free Goal,2025-05-11 17:06:53+00:00,45,50,0.85,15.84
14445216459,Push-Ups Workout • Free Goal,2025-05-11 18:17:14+00:00,45,51,0.84,16.16
14445390719,Push-Ups Workout • Free Goal,2025-05-11 18:31:13+00:00,36,41,0.79,12.99
14446799086,Push-Ups Workout • Free Goal,2025-05-11 20:37:35+00:00,46,51,0.8,16.16
14451478858,Push-Ups Workout • Free Goal,2025-05-12 06:29:14+00:00,37,41,0.81,12.99
14451498467,Push-Ups Workout • Free Goal,2025-05-12 06:33:35+00:00,38,41,0.85,12.99
14451519008,Push-Ups Workout • Free Goal,2025-05-12 06:38:03+00:00,35,41,0.79,12.99
14451531077,Push-Ups Workout • Free Goal,2025-05-12 06:40:50+00:00,35,41,0.8,12.99
14455700774,Push-Ups Workout • Free Goal,2025-05-12 19:53:34+00:00,35,41,0.81,12.99
14455854669,Push-Ups Workout • Free Goal,2025-05-12 20:12:10+00:00,32,41,0.73,12.99
14456340374,Push-Ups Workout • Free Goal,2025-05-12 21:16:16+00:00,35,41,0.81,12.99
14456349698,Push-Ups Workout • Free Goal,2025-05-12 21:17:36+00:00,33,41,0.75,12.99
14461012427,Push-Ups Workout • Free Goal,2025-05-13 05:44:22+00:00,39,41,0.87,12.99
14461337331,Push-Ups Workout • Free Goal,2025-05-13 06:26:42+00:00,39,41,0.88,12.99
14461373582,Push-Ups Workout • Free Goal,2025-05-13 06:31:29+00:00,37,41,0.84,12.99
14461429032,Push-Ups Workout • Free Goal,2025-05-13 06:38:50+00:00,36,41,0.77,12.99
14466443541,Push-Ups Workout • Free Goal,2025-05-13 19:56:46+00:00,35,41,0.8,12.99
14466597922,Push-Ups Workout • Free Goal,2025-05-13 20:14:16+00:00,31,41,0.72,12.99
14466619063,Push-Ups Workout • Free Goal,2025-05-13 20:16:48+00:00,33,41,0.75,12.99
14467294542,Push-Ups Workout • Free Goal,2025-05-13 21:36:33+00:00,34,41,0.78,12.99
14472529611,Push-Ups Workout • Free Goal,2025-05-14 06:23:04+00:00,37,41,0.82,12.99
14472593258,Push-Ups Workout • Free Goal,2025-05-14 06:31:15+00:00,35,41,0.71,12.99
14477543437,Push-Ups Workout • Free Goal,2025-05-14 19:50:50+00:00,32,41,0.73,12.99
14477550672,Push-Ups Workout • Free Goal,2025-05-14 19:54:00+00:00,33,41,0.73,12.99
14477826742,Push-Ups Workout • Free Goal,2025-05-14 20:25:32+00:00,31,41,0.69,12.99
14483255121,Push-Ups Workout • Free Goal,2025-05-15 05:59:11+00:00,33,41,0.71,12.99
14483262107,Push-Ups Workout • Free Goal,2025-05-15 06:00:11+00:00,36,41,0.81,12.99
14483351416,Push-Ups Workout • Free Goal,2025-05-15 06:12:32+00:00,32,41,0.71,12.99
14483359219,Push-Ups Workout • Free Goal,2025-05-15 06:13:39+00:00,33,41,0.73,12.99
14483538334,Push-Ups Workout • Free Goal,2025-05-15 06:38:58+00:00,31,41,0.7,12.99
14483593336,Push-Ups Workout • Free Goal,2025-05-15 06:45:25+00:00,33,41,0.71,12.99
14488404461,Push-Ups Workout • Free Goal,2025-05-15 20:22:47+00:00,39,41,0.87,12.99
14493423351,Push-Ups Workout • Free Goal,2025-05-16 06:05:53+00:00,34,41,0.74,12.99
14493432778,Push-Ups Workout • Free Goal,2025-05-16 06:07:14+00:00,34,41,0.78,12.99
14493529840,Push-Ups Workout • Free Goal,2025-05-16 06:20:46+00:00,32,41,0.74,12.99
14493572412,Push-Ups Workout • Free Goal,2025-05-16 06:27:06+00:00,33,41,0.74,12.99
14493682488,Push-Ups Workout • Free Goal,2025-05-16 06:43:35+00:00,31,41,0.7,12.99
14499147075,Push-Ups Workout • Free Goal,2025-05-16 21:59:19+00:00,32,41,0.69,12.99
14499157490,Push-Ups Workout • Free Goal,2025-05-16 22:03:25+00:00,57,71,0.73,22.5
14503165526,Push-Ups Workout • Free Goal,2025-05-17 07:33:29+00:00,35,41,0.76,12.99
14503267618,Push-Ups Workout • Free Goal,2025-05-17 07:41:40+00:00,36,41,0.76,12.99
14503512510,Push-Ups Workout • Free Goal,2025-05-17 08:40:26+00:00,34,42,0.76,13.31
14509225159,Push-Ups Workout • Free Goal,2025-05-17 21:41:38+00:00,32,41,0.73,12.99
14514033540,Push-Ups Workout • Free Goal,2025-05-18 09:24:56+00:00,42,42,0.95,13.31
14514778321,Push-Ups Workout • Free Goal,2025-05-18 13:33:18+00:00,36,41,0.78,12.99
14518981499,Push-Ups Workout • Free Goal,2025-05-18 20:01:36+00:00,35,41,0.76,12.99
14524256145,Push-Ups Workout • Free Goal,2025-05-19 06:15:01+00:00,35,42,0.77,13.31
14524262516,Push-Ups Workout • Free Goal,2025-05-19 06:16:23+00:00,42,42,0.94,13.31
14524368072,Push-Ups Workout • Free Goal,2025-05-19 06:41:16+00:00,40,42,0.88,13.31
14528584559,Push-Ups Workout • Free Goal,2025-05-19 20:16:22+00:00,40,42,0.89,13.31
14529098808,Push-Ups Workout • Free Goal,2025-05-19 21:22:22+00:00,36,42,0.79,13.31
14529141114,Push-Ups Workout • Free Goal,2025-05-19 21:27:51+00:00,34,42,0.74,13.31
14534116927,Push-Ups Workout • Free Goal,2025-05-20 06:18:42+00:00,37,42,0.79,13.31
14534189695,Push-Ups Workout • Free Goal,2025-05-20 06:28:49+00:00,34,42,0.74,13.31
14539110156,Push-Ups Workout • Free Goal,2025-05-20 19:48:38+00:00,36,42,0.75,13.31
14539289725,Push-Ups Workout • Free Goal,2025-05-20 20:08:25+00:00,35,42,0.76,13.31
14544870494,Push-Ups Workout • Free Goal,2025-05-21 05:32:41+00:00,37,42,0.8,13.31
14544878785,Push-Ups Workout • Free Goal,2025-05-21 05:34:04+00:00,38,42,0.81,13.31
14544928959,Push-Ups Workout • Free Goal,2025-05-21 05:41:06+00:00,36,42,0.76,13.31
14544989966,Push-Ups Workout • Free Goal,2025-05-21 05:49:31+00:00,38,42,0.84,13.31
14545410745,Push-Ups Workout • Free Goal,2025-05-21 06:45:42+00:00,35,42,0.77,13.31
14550404580,Push-Ups Workout • Free Goal,2025-05-21 20:24:23+00:00,37,42,0.8,13.31
14555745002,Push-Ups Workout • Free Goal,2025-05-22 06:25:59+00:00,38,42,0.77,13.31
14555810408,Push-Ups Workout • Free Goal,2025-05-22 06:35:29+00:00,37,42,0.79,13.31
14555865959,Push-Ups Workout • Free Goal,2025-05-22 06:43:54+00:00,34,42,0.73,13.31
14560484054,Push-Ups Workout • Free Goal,2025-05-22 20:16:00+00:00,41,42,0.79,13.31
14560493321,Push-Ups Workout • Free Goal,2025-05-22 20:17:17+00:00,41,42,0.9,13.31
14560872004,Push-Ups Workout • Free Goal,2025-05-22 21:06:20+00:00,34,43,0.65,13.63
14565525630,Push-Ups Workout • Free Goal,2025-05-23 06:40:47+00:00,32,42,0.7,13.31
14570608489,Push-Ups Workout • Free Goal,2025-05-23 21:34:48+00:00,35,42,0.8,13.31
14570773588,Push-Ups Workout • Free Goal,2025-05-23 21:54:20+00:00,34,42,0.72,13.31
14570783303,Push-Ups Workout • Free Goal,2025-05-23 21:55:52+00:00,38,42,0.83,13.31
14570789853,Push-Ups Workout • Free Goal,2025-05-23 21:56:52+00:00,13,10,0.83,3.17
14579818295,Push-Ups Workout • Free Goal,2025-05-24 20:09:12+00:00,32,42,0.7,13.31
14579921893,Push-Ups Workout • Free Goal,2025-05-24 20:19:13+00:00,35,42,0.71,13.31
14580027243,Push-Ups Workout • Free Goal,2025-05-24 20:29:19+00:00,33,42,0.71,13.31
14580049771,Push-Ups Workout • Free Goal,2025-05-24 20:31:22+00:00,38,42,0.78,13.31
14580067551,Push-Ups Workout • Free Goal,2025-05-24 20:33:02+00:00,37,43,0.7,13.63
14580172289,Push-Ups Workout • Free Goal,2025-05-24 20:42:53+00:00,30,42,0.64,13.31
14585191613,Push-Ups Workout • Free Goal,2025-05-25 07:49:43+00:00,34,43,0.72,13.63
14585200975,Push-Ups Workout • Free Goal,2025-05-25 07:51:25+00:00,33,43,0.71,13.63
14585296489,Push-Ups Workout • Free Goal,2025-05-25 08:08:59+00:00,35,43,0.71,13.63
14585304066,Push-Ups Workout • Free Goal,2025-05-25 08:10:31+00:00,36,43,0.75,13.63
14585498140,Push-Ups Workout • Free Goal,2025-05-25 08:51:38+00:00,32,43,0.69,13.63
14589186697,Push-Ups Workout • Free Goal,2025-05-25 18:15:50+00:00,38,43,0.68,13.63
14589207249,Push-Ups Workout • Free Goal,2025-05-25 18:17:30+00:00,36,43,0.74,13.63
14590839572,Push-Ups Workout • Free Goal,2025-05-25 20:44:57+00:00,35,43,0.77,13.63
14590877454,Push-Ups Workout • Free Goal,2025-05-25 20:47:34+00:00,100,85,1.13,26.94
14595551246,Push-Ups Workout • Free Goal,2025-05-26 06:21:59+00:00,127,100,1.22,31.69
14595624194,Push-Ups Workout • Free Goal,2025-05-26 06:41:47+00:00,33,43,0.72,13.63
14600145439,Push-Ups Workout • Free Goal,2025-05-26 21:02:34+00:00,34,43,0.73,13.63
14600192001,Push-Ups Workout • Free Goal,2025-05-26 21:07:38+00:00,35,43,0.76,13.63
14600281621,Push-Ups Workout • Free Goal,2025-05-26 21:17:17+00:00,35,43,0.73,13.63
14605308038,Push-Ups Workout • Free Goal,2025-05-27 06:19:29+00:00,37,43,0.8,13.63
14605345248,Push-Ups Workout • Free Goal,2025-05-27 06:25:15+00:00,35,43,0.76,13.63
14605450235,Push-Ups Workout • Free Goal,2025-05-27 06:42:01+00:00,35,43,0.76,13.63
14609975919,Push-Ups Workout • Free Goal,2025-05-27 19:53:48+00:00,35,43,0.73,13.63
14610345369,Push-Ups Workout • Free Goal,2025-05-27 20:38:23+00:00,36,43,0.78,13.63
14610389677,Push-Ups Workout • Free Goal,2025-05-27 20:43:57+00:00,35,43,0.76,13.63
14615569369,Push-Ups Workout • Free Goal,2025-05-28 06:23:04+00:00,36,43,0.78,13.63
14615651305,Push-Ups Workout • Free Goal,2025-05-28 06:34:02+00:00,34,43,0.72,13.63
14615658735,Push-Ups Workout • Free Goal,2025-05-28 06:34:55+00:00,44,43,0.95,13.63
14620497387,Push-Ups Workout • Free Goal,2025-05-28 20:07:32+00:00,40,43,0.8,13.63
14620932488,Push-Ups Workout • Free Goal,2025-05-28 21:01:12+00:00,36,43,0.77,13.63
14621042231,Push-Ups Workout • Free Goal,2025-05-28 21:14:27+00:00,37,44,0.77,13.94
14625678091,Push-Ups Workout • Free Goal,2025-05-29 06:22:38+00:00,37,44,0.76,13.94
14625720488,Push-Ups Workout • Free Goal,2025-05-29 06:27:01+00:00,34,43,0.72,13.63
14630948520,Push-Ups Workout • Free Goal,2025-05-29 19:58:03+00:00,36,43,0.75,13.63
14631772643,Push-Ups Workout • Free Goal,2025-05-29 21:31:38+00:00,34,43,0.71,13.63
14631815642,Push-Ups Workout • Free Goal,2025-05-29 21:36:21+00:00,35,43,0.75,13.63
14636308917,Push-Ups Workout • Free Goal,2025-05-30 06:40:46+00:00,35,43,0.76,13.63
14636329065,Push-Ups Workout • Free Goal,2025-05-30 06:43:35+00:00,46,60,0.72,19.01
14641544966,Push-Ups Workout • Free Goal,2025-05-30 20:56:17+00:00,38,43,0.84,13.63
14642206475,Push-Ups Workout • Free Goal,2025-05-30 22:08:17+00:00,31,43,0.68,13.63
14642215698,Push-Ups Workout • Free Goal,2025-05-30 22:09:26+00:00,32,43,0.67,13.63
14652060414,Push-Ups Workout • Free Goal,2025-05-31 20:47:46+00:00,32,43,0.68,13.63
14652339899,Push-Ups Workout • Free Goal,2025-05-31 21:18:16+00:00,33,43,0.71,13.63
14657805263,Push-Ups Workout • Free Goal,2025-06-01 10:39:34+00:00,35,44,0.73,13.94
14667654313,Push-Ups Workout • Free Goal,2025-06-02 06:01:59+00:00,37,45,0.74,14.26
14667736988,Push-Ups Workout • Free Goal,2025-06-02 06:04:53+00:00,33,44,0.71,13.94
14667741008,Push-Ups Workout • Free Goal,2025-06-02 06:22:21+00:00,35,44,0.73,13.94
14667766908,Push-Ups Workout • Free Goal,2025-06-02 06:27:47+00:00,35,45,0.7,14.26
14667787473,Push-Ups Workout • Free Goal,2025-06-02 06:32:25+00:00,35,45,0.71,14.26
14668195380,Push-Ups Workout • Free Goal,2025-06-02 08:07:25+00:00,34,44,0.72,13.94
14677545713,Push-Ups Workout • Free Goal,2025-06-03 06:27:42+00:00,35,44,0.74,13.94
14683311867,Push-Ups Workout • Free Goal,2025-06-03 21:15:26+00:00,34,44,0.7,13.94
14688616264,Push-Ups Workout • Free Goal,2025-06-04 06:18:41+00:00,32,44,0.68,13.94
14688623115,Push-Ups Workout • Free Goal,2025-06-04 06:24:53+00:00,34,44,0.69,13.94
14688736137,Push-Ups Workout • Free Goal,2025-06-04 06:39:40+00:00,32,44,0.67,13.94
14693695531,Push-Ups Workout • Free Goal,2025-06-04 20:06:35+00:00,36,44,0.74,13.94
14693829528,Push-Ups Workout • Free Goal,2025-06-04 20:21:59+00:00,35,44,0.73,13.94
14699430088,Push-Ups Workout • Free Goal,2025-06-05 06:31:40+00:00,35,45,0.72,14.26
14699435477,Push-Ups Workout • Free Goal,2025-06-05 06:32:36+00:00,28,30,0.84,9.51
14699529707,Push-Ups Workout • Free Goal,2025-06-05 06:45:19+00:00,38,45,0.77,14.26
14704086894,Push-Ups Workout • Free Goal,2025-06-05 19:51:24+00:00,39,50,0.73,15.84
14704671333,Push-Ups Workout • Free Goal,2025-06-05 21:03:05+00:00,47,60,0.72,19.01
14709268611,Push-Ups Workout • Free Goal,2025-06-06 06:28:16+00:00,35,45,0.72,14.26
14709397608,Push-Ups Workout • Free Goal,2025-06-06 06:47:10+00:00,39,51,0.72,16.16
14714652265,Push-Ups Workout • Free Goal,2025-06-06 21:51:32+00:00,37,50,0.69,15.84
14722860905,Push-Ups Workout • Free Goal,2025-06-07 18:55:59+00:00,45,50,0.83,15.84
14724187929,Push-Ups Workout • Free Goal,2025-06-07 21:02:47+00:00,41,50,0.75,15.84
14724201194,Push-Ups Workout • Free Goal,2025-06-07 21:07:39+00:00,50,51,0.93,16.16
14724246223,Push-Ups Workout • Free Goal,2025-06-07 21:12:06+00:00,43,50,0.8,15.84
14733295784,Push-Ups Workout • Free Goal,2025-06-08 18:52:34+00:00,35,45,0.71,14.26
14733571225,Push-Ups Workout • Free Goal,2025-06-08 19:17:02+00:00,37,45,0.76,14.26
14734322406,Push-Ups Workout • Free Goal,2025-06-08 20:29:13+00:00,44,60,0.69,19.01
14739284399,Push-Ups Workout • Free Goal,2025-06-09 06:29:24+00:00,40,51,0.72,16.16
14739321097,Push-Ups Workout • Free Goal,2025-06-09 06:37:02+00:00,42,50,0.77,15.84
14744058862,Push-Ups Workout • Free Goal,2025-06-09 19:54:25+00:00,48,60,0.76,19.01
14744437376,Push-Ups Workout • Free Goal,2025-06-09 20:31:33+00:00,81,80,0.97,25.35
14749807166,Push-Ups Workout • Free Goal,2025-06-10 06:46:43+00:00,39,45,0.78,14.26
14749824775,Push-Ups Workout • Free Goal,2025-06-10 06:49:25+00:00,49,55,0.86,17.43
14755053998,Push-Ups Workout • Free Goal,2025-06-10 20:53:32+00:00,38,45,0.8,14.26
14755063296,Push-Ups Workout • Free Goal,2025-06-10 20:55:49+00:00,39,45,0.81,14.26
14755079307,Push-Ups Workout • Free Goal,2025-06-10 20:57:41+00:00,48,45,1.01,14.26
14760480876,Push-Ups Workout • Free Goal,2025-06-11 06:39:05+00:00,35,46,0.69,14.58
14760495858,Push-Ups Workout • Free Goal,2025-06-11 06:40:46+00:00,58,56,0.99,17.75
14765614045,Push-Ups Workout • Free Goal,2025-06-11 20:11:41+00:00,74,70,1.02,22.18
14766385568,Push-Ups Workout • Free Goal,2025-06-11 21:39:55+00:00,40,45,0.73,14.26
14771276028,Push-Ups Workout • Free Goal,2025-06-12 06:16:53+00:00,46,50,0.82,15.84
14771393495,Push-Ups Workout • Free Goal,2025-06-12 06:33:05+00:00,45,50,0.77,15.84
14771430091,Push-Ups Workout • Free Goal,2025-06-12 06:38:23+00:00,42,50,0.75,15.84
14776295855,Push-Ups Workout • Free Goal,2025-06-12 19:52:54+00:00,46,50,0.84,15.84
14776939753,Push-Ups Workout • Free Goal,2025-06-12 21:09:36+00:00,26,30,0.77,9.51
14781861497,Push-Ups Workout • Free Goal,2025-06-13 06:51:51+00:00,44,50,0.79,15.84
14787309999,Push-Ups Workout • Free Goal,2025-06-13 21:52:20+00:00,45,50,0.84,15.84
14812307814,Push-Ups Workout • Free Goal,2025-06-16 06:30:18+00:00,41,46,0.83,14.58
14817117181,Push-Ups Workout • Free Goal,2025-06-16 21:08:56+00:00,44,46,0.86,14.58
14821764450,Push-Ups Workout • Free Goal,2025-06-17 05:30:54+00:00,41,50,0.72,15.84
14822088670,Push-Ups Workout • Free Goal,2025-06-17 06:15:36+00:00,45,50,0.85,15.84
14822267361,Push-Ups Workout • Free Goal,2025-06-17 06:40:09+00:00,40,50,0.76,15.84
14822307916,Push-Ups Workout • Free Goal,2025-06-17 06:42:02+00:00,263,60,0.92,19.01
14822333721,Push-Ups Workout • Free Goal,2025-06-17 06:49:36+00:00,24,30,0.72,9.51
14833439781,Push-Ups Workout • Free Goal,2025-06-18 06:24:02+00:00,485,110,0.87,34.86
14833653384,Push-Ups Workout • Free Goal,2025-06-18 06:50:56+00:00,616,101,0.74,32.01
14844171233,Push-Ups Workout • Free Goal,2025-06-19 06:19:44+00:00,47,60,0.74,19.01
14844345886,Push-Ups Workout • Free Goal,2025-06-19 06:39:28+00:00,457,100,0.8,31.69
14854984767,Push-Ups Workout • Free Goal,2025-06-20 06:29:16+00:00,26,30,0.73,9.51
14854999183,Push-Ups Workout • Free Goal,2025-06-20 06:31:40+00:00,25,30,0.7,9.51
14855003608,Push-Ups Workout • Free Goal,2025-06-20 06:32:30+00:00,25,30,0.72,9.51
14855013495,Push-Ups Workout • Free Goal,2025-06-20 06:34:12+00:00,24,30,0.68,9.51
14855019842,Push-Ups Workout • Free Goal,2025-06-20 06:35:18+00:00,23,30,0.65,9.51
14855026799,Push-Ups Workout • Free Goal,2025-06-20 06:36:08+00:00,26,30,0.77,9.51
14870844534,Push-Ups Workout • Free Goal,2025-06-21 21:15:37+00:00,42,47,0.78,14.89
14870869545,Push-Ups Workout • Free Goal,2025-06-21 21:17:28+00:00,116,70,0.83,22.18
14870954103,Push-Ups Workout • Free Goal,2025-06-21 21:26:12+00:00,56,60,0.84,19.01
14871001385,Push-Ups Workout • Free Goal,2025-06-21 21:30:42+00:00,42,47,0.81,14.89
14885869254,Push-Ups Workout • Free Goal,2025-06-23 06:42:42+00:00,44,50,0.84,15.84
14890328590,Push-Ups Workout • Free Goal,2025-06-23 20:22:21+00:00,45,54,0.74,17.11
14890361957,Push-Ups Workout • Free Goal,2025-06-23 20:26:30+00:00,41,47,0.77,14.89
14890528378,Push-Ups Workout • Free Goal,2025-06-23 20:46:43+00:00,37,40,0.78,12.68
14890772366,Push-Ups Workout • Free Goal,2025-06-23 20:48:41+00:00,26,30,0.71,9.51
14895335198,Push-Ups Workout • Free Goal,2025-06-24 06:15:11+00:00,54,60,0.83,19.01
14895352444,Push-Ups Workout • Free Goal,2025-06-24 06:20:58+00:00,43,47,0.85,14.89
14895519248,Push-Ups Workout • Free Goal,2025-06-24 06:40:35+00:00,357,100,0.78,31.69
14895567779,Push-Ups Workout • Free Goal,2025-06-24 06:53:12+00:00,27,31,0.77,9.82
14906282112,Push-Ups Workout • Free Goal,2025-06-25 06:39:35+00:00,40,51,0.72,16.16
14906336764,Push-Ups Workout • Free Goal,2025-06-25 06:42:22+00:00,363,70,0.78,22.18
14906363435,Push-Ups Workout • Free Goal,2025-06-25 06:52:05+00:00,27,31,0.78,9.82
14906370083,Push-Ups Workout • Free Goal,2025-06-25 06:53:06+00:00,25,31,0.73,9.82
14906377381,Push-Ups Workout • Free Goal,2025-06-25 06:54:02+00:00,32,30,0.94,9.51
14906401401,Push-Ups Workout • Free Goal,2025-06-25 06:57:30+00:00,29,30,0.88,9.51
14916795413,Push-Ups Workout • Free Goal,2025-06-26 06:21:06+00:00,50,50,0.91,15.84
14916904030,Push-Ups Workout • Free Goal,2025-06-26 06:36:26+00:00,59,55,1.01,17.43
14916992587,Push-Ups Workout • Free Goal,2025-06-26 06:49:49+00:00,42,50,0.76,15.84
14917019939,Push-Ups Workout • Free Goal,2025-06-26 06:53:55+00:00,42,50,0.78,15.84
14917035636,Push-Ups Workout • Free Goal,2025-06-26 06:56:40+00:00,24,30,0.7,9.51
14927035034,Push-Ups Workout • Free Goal,2025-06-27 06:36:27+00:00,29,31,0.81,9.82
14927094165,Push-Ups Workout • Free Goal,2025-06-27 06:43:21+00:00,40,50,0.74,15.84
14936362175,Push-Ups Workout • Free Goal,2025-06-28 06:16:15+00:00,40,50,0.73,15.84
14936449048,Push-Ups Workout • Free Goal,2025-06-28 06:30:27+00:00,53,50,0.99,15.84
14936548062,Push-Ups Workout • Free Goal,2025-06-28 06:46:40+00:00,47,50,0.88,15.84
14942699561,Push-Ups Workout • Free Goal,2025-06-28 21:18:10+00:00,56,60,0.83,19.01
14942711453,Push-Ups Workout • Free Goal,2025-06-28 21:19:44+00:00,29,30,0.82,9.51
14957761688,Push-Ups Workout • Free Goal,2025-06-30 06:19:30+00:00,43,50,0.81,15.84
14957823160,Push-Ups Workout • Free Goal,2025-06-30 06:41:51+00:00,41,50,0.76,15.84
14962285167,Push-Ups Workout • Free Goal,2025-06-30 20:13:54+00:00,27,31,0.71,9.82
14962395589,Push-Ups Workout • Free Goal,2025-06-30 20:27:17+00:00,24,30,0.68,9.51
14962816240,Push-Ups Workout • Free Goal,2025-06-30 21:15:23+00:00,36,49,0.65,15.53
14962824309,Push-Ups Workout • Free Goal,2025-06-30 21:20:16+00:00,33,40,0.73,12.68
14967324656,Push-Ups Workout • Free Goal,2025-07-01 06:06:58+00:00,40,51,0.71,16.16
14967409630,Push-Ups Workout • Free Goal,2025-07-01 06:18:54+00:00,52,51,0.95,16.16
14967492686,Push-Ups Workout • Free Goal,2025-07-01 06:28:42+00:00,57,65,0.82,20.6
14967514197,Push-Ups Workout • Free Goal,2025-07-01 06:33:32+00:00,48,51,0.88,16.16
14967661359,Push-Ups Workout • Free Goal,2025-07-01 06:55:18+00:00,23,30,0.69,9.51
14978423852,Push-Ups Workout • Free Goal,2025-07-02 06:31:52+00:00,38,51,0.7,16.16
14984250060,Push-Ups Workout • Free Goal,2025-07-02 21:23:28+00:00,34,41,0.72,12.99
14984270683,Push-Ups Workout • Free Goal,2025-07-02 21:26:02+00:00,25,30,0.72,9.51
14988884295,Push-Ups Workout • Free Goal,2025-07-03 06:13:11+00:00,34,40,0.79,12.68
14989059008,Push-Ups Workout • Free Goal,2025-07-03 06:38:12+00:00,32,41,0.72,12.99
14989156318,Push-Ups Workout • Free Goal,2025-07-03 06:52:28+00:00,19,21,0.82,6.65
14999601678,Push-Ups Workout • Free Goal,2025-07-04 06:39:30+00:00,43,50,0.81,15.84
15014478930,Push-Ups Workout • Free Goal,2025-07-05 19:46:20+00:00,45,50,0.78,15.84
15022285559,Push-Ups Workout • Free Goal,2025-07-06 15:42:16+00:00,29,30,0.8,9.51
15022331517,Push-Ups Workout • Free Goal,2025-07-06 15:47:11+00:00,29,30,0.8,9.51
15022389358,Push-Ups Workout • Free Goal,2025-07-06 15:52:56+00:00,40,46,0.77,14.58
15022532007,Push-Ups Workout • Free Goal,2025-07-06 16:06:44+00:00,39,50,0.71,15.84
15022620405,Push-Ups Workout • Free Goal,2025-07-06 16:15:24+00:00,44,51,0.75,16.16
15034847833,Push-Ups Workout • Free Goal,2025-07-07 20:18:52+00:00,100,50,0.96,15.84
15034885406,Push-Ups Workout • Free Goal,2025-07-07 20:24:13+00:00,42,51,0.72,16.16
15040264150,Push-Ups Workout • Free Goal,2025-07-08 06:36:56+00:00,40,51,0.73,16.16
15046187375,Push-Ups Workout • Free Goal,2025-07-08 21:07:21+00:00,23,21,0.87,6.65
15046303086,Push-Ups Workout • Free Goal,2025-07-08 21:19:54+00:00,29,34,0.75,10.77
15051387956,Push-Ups Workout • Free Goal,2025-07-09 06:17:17+00:00,22,21,0.81,6.65
15051394610,Push-Ups Workout • Free Goal,2025-07-09 06:18:05+00:00,19,21,0.86,6.65
15051403222,Push-Ups Workout • Free Goal,2025-07-09 06:19:13+00:00,16,20,0.68,6.34
15051409358,Push-Ups Workout • Free Goal,2025-07-09 06:19:55+00:00,17,20,0.69,6.34
15051416390,Push-Ups Workout • Free Goal,2025-07-09 06:20:45+00:00,23,25,0.78,7.92
15063120283,Push-Ups Workout • Free Goal,2025-07-10 06:43:16+00:00,27,30,0.8,9.51
15100884659,Push-Ups Workout • Free Goal,2025-07-13 20:52:07+00:00,34,40,0.75,12.68
15110485680,Push-Ups Workout • Free Goal,2025-07-14 20:09:37+00:00,61,66,0.83,20.91
15110526003,Push-Ups Workout • Free Goal,2025-07-14 20:14:01+00:00,64,50,1.15,15.84
15116050990,Push-Ups Workout • Free Goal,2025-07-15 06:26:06+00:00,19,21,0.75,6.65
15116055880,Push-Ups Workout • Free Goal,2025-07-15 06:26:39+00:00,26,31,0.77,9.82
15116062618,Push-Ups Workout • Free Goal,2025-07-15 06:27:29+00:00,30,30,0.88,9.51
15116102275,Push-Ups Workout • Free Goal,2025-07-15 06:32:30+00:00,53,51,0.97,16.16
15116212551,Push-Ups Workout • Free Goal,2025-07-15 06:47:43+00:00,50,50,0.91,15.84
15122388399,Push-Ups Workout • Free Goal,2025-07-15 21:25:15+00:00,45,51,0.82,16.16
15127576350,Push-Ups Workout • Free Goal,2025-07-16 06:27:30+00:00,46,50,0.85,15.84
15127682083,Push-Ups Workout • Free Goal,2025-07-16 06:40:41+00:00,47,50,0.88,15.84
15127780450,Push-Ups Workout • Free Goal,2025-07-16 06:52:50+00:00,63,65,0.92,20.6
15138829084,Push-Ups Workout • Free Goal,2025-07-17 06:27:20+00:00,41,50,0.75,15.84
15138995620,Push-Ups Workout • Free Goal,2025-07-17 06:50:41+00:00,38,50,0.69,15.84
15144926798,Push-Ups Workout • Free Goal,2025-07-17 21:33:46+00:00,50,60,0.74,19.01
15144970155,Push-Ups Workout • Free Goal,2025-07-17 21:38:20+00:00,63,65,0.85,20.6
15163733730,Push-Ups Workout • Free Goal,2025-07-19 17:32:28+00:00,41,50,0.74,15.84
15163880021,Push-Ups Workout • Free Goal,2025-07-19 17:45:38+00:00,44,50,0.8,15.84
15163901667,Push-Ups Workout • Free Goal,2025-07-19 17:47:34+00:00,27,30,0.77,9.51
15163915059,Push-Ups Workout • Free Goal,2025-07-19 17:48:52+00:00,44,36,1.0,11.41
15163969949,Push-Ups Workout • Free Goal,2025-07-19 17:50:46+00:00,224,71,1.03,22.5
15163995167,Push-Ups Workout • Free Goal,2025-07-19 17:55:23+00:00,81,40,0.94,12.68
15164076206,Push-Ups Workout • Free Goal,2025-07-19 18:03:01+00:00,52,50,0.94,15.84
15173899679,Push-Ups Workout • Free Goal,2025-07-20 16:31:51+00:00,45,50,0.81,15.84
15174239666,Push-Ups Workout • Free Goal,2025-07-20 16:58:23+00:00,83,75,1.01,23.77
15174578563,Push-Ups Workout • Free Goal,2025-07-20 17:23:12+00:00,97,100,0.91,31.69
15181884325,Push-Ups Workout • Free Goal,2025-07-21 06:33:31+00:00,77,76,0.95,24.08
15187319615,Push-Ups Workout • Free Goal,2025-07-21 21:39:10+00:00,105,101,0.96,32.01
15187408498,Push-Ups Workout • Free Goal,2025-07-21 21:49:28+00:00,42,51,0.74,16.16
15198587206,Push-Ups Workout • Free Goal,2025-07-22 21:24:14+00:00,72,75,0.89,23.77
15198617497,Push-Ups Workout • Free Goal,2025-07-22 21:37:31+00:00,45,55,0.75,17.43
15198895560,Push-Ups Workout • Free Goal,2025-07-22 22:06:49+00:00,39,50,0.7,15.84
15210174605,Push-Ups Workout • Free Goal,2025-07-23 20:55:18+00:00,47,60,0.74,19.01
15210187443,Push-Ups Workout • Free Goal,2025-07-23 21:12:05+00:00,58,70,0.77,22.18
15210314724,Push-Ups Workout • Free Goal,2025-07-23 21:25:40+00:00,46,60,0.72,19.01
15210326104,Push-Ups Workout • Free Goal,2025-07-23 21:27:00+00:00,40,40,0.91,12.68
15215334755,Push-Ups Workout • Free Goal,2025-07-24 06:21:07+00:00,42,50,0.77,15.84
15215420677,Push-Ups Workout • Free Goal,2025-07-24 06:32:40+00:00,41,50,0.77,15.84
15221665893,Push-Ups Workout • Free Goal,2025-07-24 21:42:16+00:00,52,60,0.8,19.01
15221788039,Push-Ups Workout • Free Goal,2025-07-24 21:55:43+00:00,58,70,0.76,22.18
15226326228,Push-Ups Workout • Free Goal,2025-07-25 06:43:15+00:00,48,55,0.8,17.43
15236614474,Push-Ups Workout • Free Goal,2025-07-26 07:32:26+00:00,55,55,0.91,17.43
15236732544,Push-Ups Workout • Free Goal,2025-07-26 07:50:47+00:00,41,50,0.73,15.84
15236799949,Push-Ups Workout • Free Goal,2025-07-26 08:02:30+00:00,47,50,0.84,15.84
15237455760,Push-Ups Workout • Free Goal,2025-07-26 10:35:52+00:00,40,51,0.71,16.16
15243023603,Push-Ups Workout • Free Goal,2025-07-26 22:00:39+00:00,23,30,0.68,9.51
15250052987,Push-Ups Workout • Free Goal,2025-07-27 16:07:00+00:00,29,30,0.82,9.51
15250661731,Push-Ups Workout • Free Goal,2025-07-27 16:55:40+00:00,30,30,0.79,9.51
15264024072,Push-Ups Workout • Free Goal,2025-07-28 21:44:45+00:00,31,37,0.74,11.73
15268438131,Push-Ups Workout • Free Goal,2025-07-29 05:42:37+00:00,31,36,0.82,11.41
15268686925,Push-Ups Workout • Free Goal,2025-07-29 06:16:29+00:00,33,39,0.75,12.36
15280530414,Push-Ups Workout • Free Goal,2025-07-30 06:21:02+00:00,64,51,0.78,16.16
15286779144,Push-Ups Workout • Free Goal,2025-07-30 21:05:37+00:00,42,50,0.78,15.84
15316364146,Push-Ups Workout • Free Goal,2025-08-02 16:17:57+00:00,40,51,0.73,16.16
15316376140,Push-Ups Workout • Free Goal,2025-08-02 16:20:05+00:00,32,38,0.8,12.04
15316381730,Push-Ups Workout • Free Goal,2025-08-02 16:21:01+00:00,10,12,0.68,3.8
15330205425,Push-Ups Workout • Free Goal,2025-08-03 19:56:17+00:00,29,36,0.76,11.41
15330515472,Push-Ups Workout • Free Goal,2025-08-03 20:23:10+00:00,29,36,0.77,11.41
15330563489,Push-Ups Workout • Free Goal,2025-08-03 20:27:19+00:00,29,31,0.79,9.82
15341437434,Push-Ups Workout • Free Goal,2025-08-04 21:34:42+00:00,60,75,0.72,23.77
15341514972,Push-Ups Workout • Free Goal,2025-08-04 21:43:35+00:00,24,31,0.69,9.82
15346599358,Push-Ups Workout • Free Goal,2025-08-05 06:39:12+00:00,32,39,0.75,12.36
15346623874,Push-Ups Workout • Free Goal,2025-08-05 06:40:50+00:00,121,65,0.91,20.6
15358849157,Push-Ups Workout • Free Goal,2025-08-06 06:34:11+00:00,28,35,0.73,11.09
15358855668,Push-Ups Workout • Free Goal,2025-08-06 06:49:05+00:00,29,35,0.74,11.09
15358879056,Push-Ups Workout • Free Goal,2025-08-06 06:51:53+00:00,31,35,0.81,11.09
15370716407,Push-Ups Workout • Free Goal,2025-08-07 06:28:58+00:00,27,36,0.69,11.41
15370836148,Push-Ups Workout • Free Goal,2025-08-07 06:44:18+00:00,39,50,0.7,15.84
15370850947,Push-Ups Workout • Free Goal,2025-08-07 06:45:31+00:00,25,26,0.83,8.24
15382436295,Push-Ups Workout • Free Goal,2025-08-08 06:28:07+00:00,32,40,0.73,12.68
15382450429,Push-Ups Workout • Free Goal,2025-08-08 06:51:50+00:00,31,42,0.67,13.31
15382462277,Push-Ups Workout • Free Goal,2025-08-08 06:54:36+00:00,32,38,0.76,12.04
15399842469,Push-Ups Workout • Free Goal,2025-08-09 21:35:11+00:00,33,40,0.72,12.68
15399882528,Push-Ups Workout • Free Goal,2025-08-09 21:38:32+00:00,32,39,0.73,12.36
15399921095,Push-Ups Workout • Free Goal,2025-08-09 21:41:37+00:00,32,33,0.73,10.46
15407657907,Push-Ups Workout • Free Goal,2025-08-10 16:22:50+00:00,33,33,0.92,10.46
15411332386,Push-Ups Workout • Free Goal,2025-08-10 21:25:55+00:00,32,35,0.81,11.09
15411401803,Push-Ups Workout • Free Goal,2025-08-10 21:31:44+00:00,30,35,0.77,11.09
15415929395,Push-Ups Workout • Free Goal,2025-08-11 06:35:38+00:00,32,39,0.74,12.36
15415961958,Push-Ups Workout • Free Goal,2025-08-11 06:42:52+00:00,31,38,0.74,12.04
15415973427,Push-Ups Workout • Free Goal,2025-08-11 06:45:26+00:00,31,38,0.75,12.04
15426576788,Push-Ups Workout • Free Goal,2025-08-12 06:20:21+00:00,32,38,0.77,12.04
15426763671,Push-Ups Workout • Free Goal,2025-08-12 06:43:36+00:00,31,37,0.77,11.73
15426809232,Push-Ups Workout • Free Goal,2025-08-12 06:50:24+00:00,31,40,0.72,12.68
15438543795,Push-Ups Workout • Free Goal,2025-08-13 06:08:00+00:00,32,40,0.74,12.68
15438941877,Push-Ups Workout • Free Goal,2025-08-13 06:56:10+00:00,33,43,0.67,13.63
15438980415,Push-Ups Workout • Free Goal,2025-08-13 07:01:11+00:00,31,44,0.64,13.94
15450634308,Push-Ups Workout • Free Goal,2025-08-14 06:48:40+00:00,32,39,0.78,12.36
15450665319,Push-Ups Workout • Free Goal,2025-08-14 06:56:04+00:00,31,37,0.8,11.73
15450672702,Push-Ups Workout • Free Goal,2025-08-14 06:58:02+00:00,33,39,0.78,12.36
15461690002,Push-Ups Workout • Free Goal,2025-08-15 06:40:34+00:00,32,39,0.77,12.36
15461767331,Push-Ups Workout • Free Goal,2025-08-15 06:51:06+00:00,33,41,0.75,12.99
15461794032,Push-Ups Workout • Free Goal,2025-08-15 06:52:48+00:00,33,42,0.72,13.31
15478924623,Push-Ups Workout • Free Goal,2025-08-16 21:05:02+00:00,39,51,0.72,16.16
15479014560,Push-Ups Workout • Free Goal,2025-08-16 21:09:42+00:00,44,55,0.77,17.43
15479079970,Push-Ups Workout • Free Goal,2025-08-16 21:15:13+00:00,32,42,0.71,13.31
15489778224,Push-Ups Workout • Free Goal,2025-08-17 20:12:39+00:00,36,46,0.72,14.58
15489871435,Push-Ups Workout • Free Goal,2025-08-17 20:20:27+00:00,37,50,0.66,15.84
15489935141,Push-Ups Workout • Free Goal,2025-08-17 20:25:34+00:00,43,55,0.71,17.43
15495283295,Push-Ups Workout • Free Goal,2025-08-18 06:15:10+00:00,41,51,0.78,16.16
15495363807,Push-Ups Workout • Free Goal,2025-08-18 06:30:38+00:00,40,53,0.73,16.8
15495463537,Push-Ups Workout • Free Goal,2025-08-18 06:48:31+00:00,37,46,0.76,14.58
15506484149,Push-Ups Workout • Free Goal,2025-08-19 06:39:59+00:00,32,41,0.74,12.99
15506490741,Push-Ups Workout • Free Goal,2025-08-19 06:43:24+00:00,32,43,0.71,13.63
15506566091,Push-Ups Workout • Free Goal,2025-08-19 06:53:21+00:00,36,41,0.78,12.99
15518717983,Push-Ups Workout • Free Goal,2025-08-20 06:39:22+00:00,40,52,0.74,16.48
15518766207,Push-Ups Workout • Free Goal,2025-08-20 06:45:29+00:00,34,41,0.73,12.99
15518781358,Push-Ups Workout • Free Goal,2025-08-20 06:47:25+00:00,32,35,0.86,11.09
15530445201,Push-Ups Workout • Free Goal,2025-08-21 06:39:21+00:00,31,39,0.76,12.36
15530459693,Push-Ups Workout • Free Goal,2025-08-21 06:54:59+00:00,31,40,0.75,12.68
15530465812,Push-Ups Workout • Free Goal,2025-08-21 06:56:57+00:00,33,40,0.79,12.68
15541427946,Push-Ups Workout • Free Goal,2025-08-22 06:29:16+00:00,52,70,0.71,22.18
15541568653,Push-Ups Workout • Free Goal,2025-08-22 06:48:22+00:00,22,28,0.73,8.87
15541583383,Push-Ups Workout • Free Goal,2025-08-22 06:49:43+00:00,37,43,0.82,13.63
15558646477,Push-Ups Workout • Free Goal,2025-08-23 21:12:59+00:00,42,59,0.67,18.7
15575589679,Push-Ups Workout • Free Goal,2025-08-25 06:33:54+00:00,34,43,0.69,13.63
15575595486,Push-Ups Workout • Free Goal,2025-08-25 06:35:07+00:00,27,32,0.77,10.14
15575599815,Push-Ups Workout • Free Goal,2025-08-25 06:36:02+00:00,24,25,0.82,7.92
15575604902,Push-Ups Workout • Free Goal,2025-08-25 06:37:06+00:00,24,25,0.82,7.92
15586556086,Push-Ups Workout • Free Goal,2025-08-26 06:40:51+00:00,32,43,0.67,13.63
15586592292,Push-Ups Workout • Free Goal,2025-08-26 06:45:23+00:00,31,41,0.68,12.99
15586686094,Push-Ups Workout • Free Goal,2025-08-26 06:57:14+00:00,32,41,0.7,12.99
15604935838,Push-Ups Workout • Free Goal,2025-08-27 21:01:32+00:00,42,59,0.64,18.7
15605260614,Push-Ups Workout • Free Goal,2025-08-27 21:35:10+00:00,49,62,0.73,19.65
15610520764,Push-Ups Workout • Free Goal,2025-08-28 06:29:06+00:00,26,33,0.71,10.46
15610631257,Push-Ups Workout • Free Goal,2025-08-28 06:42:52+00:00,28,34,0.72,10.77
15610695414,Push-Ups Workout • Free Goal,2025-08-28 06:50:53+00:00,31,41,0.68,12.99
15621627531,Push-Ups Workout • Free Goal,2025-08-29 07:04:13+00:00,42,57,0.67,18.06
15627153820,Push-Ups Workout • Free Goal,2025-08-29 21:41:55+00:00,46,61,0.69,19.33
15648705847,Push-Ups Workout • Free Goal,2025-08-31 20:14:23+00:00,102,105,0.87,33.27
15654284930,Push-Ups Workout • Free Goal,2025-09-01 06:28:15+00:00,63,70,0.8,22.18
15665191804,Push-Ups Workout • Free Goal,2025-09-02 06:32:09+00:00,25,34,0.61,10.77
15665367677,Push-Ups Workout • Free Goal,2025-09-02 06:56:42+00:00,24,34,0.64,10.77
15665388898,Push-Ups Workout • Free Goal,2025-09-02 07:00:51+00:00,24,34,0.64,10.77
15671043029,Push-Ups Workout • Free Goal,2025-09-02 20:51:56+00:00,67,80,0.67,25.35
15682773116,Push-Ups Workout • Free Goal,2025-09-03 20:16:16+00:00,41,56,0.67,17.75
15683472484,Push-Ups Workout • Free Goal,2025-09-03 20:58:09+00:00,36,47,0.69,14.89
15683480889,Push-Ups Workout • Free Goal,2025-09-03 21:33:46+00:00,36,47,0.69,14.89
15689010909,Push-Ups Workout • Free Goal,2025-09-04 06:46:07+00:00,31,40,0.72,12.68
15689119484,Push-Ups Workout • Free Goal,2025-09-04 06:59:28+00:00,23,31,0.53,9.82
15689150146,Push-Ups Workout • Free Goal,2025-09-04 07:00:20+00:00,33,42,0.68,13.31
15699988800,Push-Ups Workout • Free Goal,2025-09-05 06:02:12+00:00,32,40,0.72,12.68
15700360323,Push-Ups Workout • Free Goal,2025-09-05 06:48:52+00:00,31,40,0.72,12.68
15724601632,Push-Ups Workout • Free Goal,2025-09-07 14:18:11+00:00,37,51,0.66,16.16
15735028277,Push-Ups Workout • Free Goal,2025-09-08 06:52:27+00:00,38,50,0.7,15.84
15740398799,Push-Ups Workout • Free Goal,2025-09-08 21:24:33+00:00,45,65,0.64,20.6
15746023209,Push-Ups Workout • Free Goal,2025-09-09 06:47:05+00:00,41,55,0.7,17.43
15746062652,Push-Ups Workout • Free Goal,2025-09-09 06:51:45+00:00,46,45,0.89,14.26
15746112245,Push-Ups Workout • Free Goal,2025-09-09 06:57:46+00:00,42,50,0.77,15.84
15752529356,Push-Ups Workout • Free Goal,2025-09-09 21:49:36+00:00,26,35,0.68,11.09
15758394048,Push-Ups Workout • Free Goal,2025-09-10 06:59:22+00:00,27,34,0.71,10.77
15758406919,Push-Ups Workout • Free Goal,2025-09-10 07:02:53+00:00,26,34,0.69,10.77
15764394454,Push-Ups Workout • Free Goal,2025-09-10 21:26:39+00:00,31,41,0.68,12.99
15769505850,Push-Ups Workout • Free Goal,2025-09-11 06:14:39+00:00,42,53,0.72,16.8
15769814549,Push-Ups Workout • Free Goal,2025-09-11 06:33:36+00:00,35,46,0.68,14.58
15769821328,Push-Ups Workout • Free Goal,2025-09-11 06:53:02+00:00,37,51,0.67,16.16
15780937340,Push-Ups Workout • Free Goal,2025-09-12 06:53:12+00:00,26,34,0.69,10.77
15780942992,Push-Ups Workout • Free Goal,2025-09-12 06:54:13+00:00,28,35,0.73,11.09
15780965401,Push-Ups Workout • Free Goal,2025-09-12 06:57:00+00:00,26,36,0.66,11.41
15797403046,Push-Ups Workout • Free Goal,2025-09-13 20:47:16+00:00,28,34,0.74,10.77
15797412250,Push-Ups Workout • Free Goal,2025-09-13 20:51:35+00:00,29,34,0.77,10.77
15797434667,Push-Ups Workout • Free Goal,2025-09-13 20:53:17+00:00,28,34,0.74,10.77
15804689138,Push-Ups Workout • Free Goal,2025-09-14 14:41:38+00:00,59,70,0.78,22.18
15809199337,Push-Ups Workout • Free Goal,2025-09-14 20:38:47+00:00,41,51,0.73,16.16
15809387751,Push-Ups Workout • Free Goal,2025-09-14 20:55:36+00:00,37,51,0.65,16.16
15814304607,Push-Ups Workout • Free Goal,2025-09-15 06:19:42+00:00,47,61,0.71,19.33
15814412534,Push-Ups Workout • Free Goal,2025-09-15 06:40:48+00:00,53,61,0.8,19.33
15814471458,Push-Ups Workout • Free Goal,2025-09-15 06:52:05+00:00,54,61,0.81,19.33
15825151296,Push-Ups Workout • Free Goal,2025-09-16 06:51:30+00:00,19,25,0.71,7.92
15825193181,Push-Ups Workout • Free Goal,2025-09-16 06:56:01+00:00,44,51,0.73,16.16
15825200698,Push-Ups Workout • Free Goal,2025-09-16 07:00:59+00:00,36,50,0.68,15.84
15836997977,Push-Ups Workout • Free Goal,2025-09-17 06:45:42+00:00,44,60,0.7,19.01
15837010176,Push-Ups Workout • Free Goal,2025-09-17 06:47:27+00:00,27,31,0.82,9.82
15837067478,Push-Ups Workout • Free Goal,2025-09-17 06:53:50+00:00,55,60,0.87,19.01
15848465582,Push-Ups Workout • Free Goal,2025-09-18 06:43:42+00:00,28,35,0.76,11.09
15848491793,Push-Ups Workout • Free Goal,2025-09-18 06:47:41+00:00,28,36,0.75,11.41
15848499194,Push-Ups Workout • Free Goal,2025-09-18 06:51:08+00:00,32,41,0.75,12.99
15859652826,Push-Ups Workout • Free Goal,2025-09-19 06:34:06+00:00,37,50,0.71,15.84
15859861776,Push-Ups Workout • Free Goal,2025-09-19 07:00:42+00:00,47,66,0.68,20.91
15876887998,Push-Ups Workout • Free Goal,2025-09-20 21:17:06+00:00,49,62,0.75,19.65
15882997528,Push-Ups Workout • Free Goal,2025-09-21 10:47:25+00:00,20,25,0.76,7.92
15882999331,Push-Ups Workout • Free Goal,2025-09-21 10:48:14+00:00,21,25,0.77,7.92
15893700610,Push-Ups Workout • Free Goal,2025-09-22 06:36:16+00:00,19,25,0.72,7.92
15893712076,Push-Ups Workout • Free Goal,2025-09-22 06:37:32+00:00,91,51,0.81,16.16
15893719845,Push-Ups Workout • Free Goal,2025-09-22 06:39:51+00:00,24,25,0.86,7.92
15903837671,Push-Ups Workout • Free Goal,2025-09-23 06:22:36+00:00,22,25,0.75,7.92
15904002499,Push-Ups Workout • Free Goal,2025-09-23 06:25:16+00:00,22,26,0.79,8.24
15904056245,Push-Ups Workout • Free Goal,2025-09-23 06:45:32+00:00,24,25,0.89,7.92
15904060632,Push-Ups Workout • Free Goal,2025-09-23 06:52:25+00:00,19,26,0.71,8.24
15926607912,Push-Ups Workout • Free Goal,2025-09-25 06:12:30+00:00,53,60,0.85,19.01
15926894547,Push-Ups Workout • Free Goal,2025-09-25 06:46:59+00:00,126,70,0.73,22.18
15937470668,Push-Ups Workout • Free Goal,2025-09-26 06:49:12+00:00,37,50,0.71,15.84
15942876481,Push-Ups Workout • Free Goal,2025-09-26 21:20:31+00:00,38,50,0.72,15.84
15949639592,Push-Ups Workout • Free Goal,2025-09-27 15:14:18+00:00,45,50,0.86,15.84
15958618482,Push-Ups Workout • Free Goal,2025-09-28 06:56:53+00:00,43,55,0.75,17.43
15965737786,Push-Ups Workout • Free Goal,2025-09-28 21:14:42+00:00,56,71,0.76,22.5
15970757562,Push-Ups Workout • Free Goal,2025-09-29 06:55:31+00:00,49,60,0.79,19.01
15970782583,Push-Ups Workout • Free Goal,2025-09-29 07:00:33+00:00,48,55,0.82,17.43
15998320253,Push-Ups Workout • Free Goal,2025-10-01 20:29:49+00:00,36,40,0.86,12.68
16009862804,Push-Ups Workout • Free Goal,2025-10-02 20:28:46+00:00,149,71,0.75,22.5
16009940690,Push-Ups Workout • Free Goal,2025-10-02 21:02:48+00:00,22,30,0.68,9.51
16010021530,Push-Ups Workout • Free Goal,2025-10-02 21:11:27+00:00,29,41,0.66,12.99
16010028429,Push-Ups Workout • Free Goal,2025-10-02 21:20:43+00:00,29,40,0.68,12.68
16017387971,Push-Ups Workout • Free Goal,2025-10-03 14:37:53+00:00,37,50,0.7,15.84
16017609739,Push-Ups Workout • Free Goal,2025-10-03 15:14:49+00:00,44,51,0.82,16.16
16031175221,Push-Ups Workout • Free Goal,2025-10-04 21:30:58+00:00,46,60,0.73,19.01
16042027099,Push-Ups Workout • Free Goal,2025-10-05 20:42:24+00:00,37,50,0.7,15.84
16042229475,Push-Ups Workout • Free Goal,2025-10-05 20:58:57+00:00,39,51,0.69,16.16
16042444804,Push-Ups Workout • Free Goal,2025-10-05 21:16:33+00:00,37,50,0.7,15.84
16042533447,Push-Ups Workout • Free Goal,2025-10-05 21:23:49+00:00,37,50,0.71,15.84
16063436077,Push-Ups Workout • Free Goal,2025-10-07 21:16:53+00:00,37,50,0.7,15.84
16074560652,Push-Ups Workout • Free Goal,2025-10-08 20:23:48+00:00,43,61,0.68,19.33
16074971091,Push-Ups Workout • Free Goal,2025-10-08 21:09:14+00:00,35,51,0.65,16.16
16075026729,Push-Ups Workout • Free Goal,2025-10-08 21:15:14+00:00,45,62,0.71,19.65
16075066223,Push-Ups Workout • Free Goal,2025-10-08 21:19:49+00:00,43,50,0.83,15.84
16090694249,Push-Ups Workout • Free Goal,2025-10-10 06:27:54+00:00,40,52,0.76,16.48
16096202268,Push-Ups Workout • Free Goal,2025-10-10 21:19:21+00:00,22,30,0.66,9.51
16096234367,Push-Ups Workout • Free Goal,2025-10-10 21:41:12+00:00,21,31,0.65,9.82
16096263527,Push-Ups Workout • Free Goal,2025-10-10 21:44:49+00:00,22,30,0.65,9.51
16096270754,Push-Ups Workout • Free Goal,2025-10-10 21:48:18+00:00,36,50,0.68,15.84
16096285882,Push-Ups Workout • Free Goal,2025-10-10 21:50:06+00:00,24,30,0.7,9.51
16100284850,Push-Ups Workout • Free Goal,2025-10-11 06:47:45+00:00,51,70,0.7,22.18
16118132495,Push-Ups Workout • Free Goal,2025-10-12 21:29:00+00:00,38,50,0.74,15.84
16122348845,Push-Ups Workout • Free Goal,2025-10-13 06:11:54+00:00,39,51,0.72,16.16
16122559726,Push-Ups Workout • Free Goal,2025-10-13 06:55:55+00:00,37,51,0.69,16.16
16126884715,Push-Ups Workout • Free Goal,2025-10-13 20:31:45+00:00,32,41,0.7,12.99
16126978944,Push-Ups Workout • Free Goal,2025-10-13 20:43:32+00:00,38,51,0.7,16.16
16132362777,Push-Ups Workout • Free Goal,2025-10-14 06:29:46+00:00,47,55,0.81,17.43
16132516269,Push-Ups Workout • Free Goal,2025-10-14 06:50:35+00:00,35,46,0.72,14.58
16138066106,Push-Ups Workout • Free Goal,2025-10-14 21:11:41+00:00,20,26,0.7,8.24
16138094965,Push-Ups Workout • Free Goal,2025-10-14 21:15:00+00:00,20,23,0.81,7.29
16143688016,Push-Ups Workout • Free Goal,2025-10-15 06:52:29+00:00,44,60,0.69,19.01
16143772566,Push-Ups Workout • Free Goal,2025-10-15 06:57:22+00:00,30,40,0.69,12.68
16143779230,Push-Ups Workout • Free Goal,2025-10-15 07:04:07+00:00,35,50,0.65,15.84
16149618324,Push-Ups Workout • Free Goal,2025-10-15 21:50:50+00:00,35,51,0.64,16.16
16154538323,Push-Ups Workout • Free Goal,2025-10-16 06:32:51+00:00,36,50,0.67,15.84
16154550999,Push-Ups Workout • Free Goal,2025-10-16 06:33:58+00:00,35,40,0.81,12.68
16154579254,Push-Ups Workout • Free Goal,2025-10-16 06:38:00+00:00,33,40,0.78,12.68
16154618994,Push-Ups Workout • Free Goal,2025-10-16 06:43:08+00:00,37,45,0.79,14.26
16159438930,Push-Ups Workout • Free Goal,2025-10-16 19:58:19+00:00,42,60,0.66,19.01
16159598327,Push-Ups Workout • Free Goal,2025-10-16 20:13:34+00:00,40,41,0.86,12.99
16159666340,Push-Ups Workout • Free Goal,2025-10-16 20:23:34+00:00,46,44,0.97,13.94
16159806472,Push-Ups Workout • Free Goal,2025-10-16 20:40:04+00:00,31,30,0.98,9.51
16165173995,Push-Ups Workout • Free Goal,2025-10-17 06:48:20+00:00,39,50,0.74,15.84
16165229990,Push-Ups Workout • Free Goal,2025-10-17 06:56:22+00:00,22,26,0.77,8.24
16165238597,Push-Ups Workout • Free Goal,2025-10-17 06:57:38+00:00,23,27,0.74,8.56
16179556421,Push-Ups Workout • Free Goal,2025-10-18 19:16:24+00:00,31,41,0.72,12.99
16179603950,Push-Ups Workout • Free Goal,2025-10-18 19:20:54+00:00,32,40,0.75,12.68
16181083924,Push-Ups Workout • Free Goal,2025-10-18 21:26:56+00:00,39,50,0.73,15.84
16205957449,Push-Ups Workout • Free Goal,2025-10-21 06:32:53+00:00,16,21,0.7,6.65
16205968191,Push-Ups Workout • Free Goal,2025-10-21 06:34:11+00:00,16,20,0.7,6.34
16205972363,Push-Ups Workout • Free Goal,2025-10-21 06:34:43+00:00,18,21,0.75,6.65
16205978180,Push-Ups Workout • Free Goal,2025-10-21 06:35:29+00:00,17,20,0.76,6.34
16205987157,Push-Ups Workout • Free Goal,2025-10-21 06:36:38+00:00,17,20,0.76,6.34
16211651466,Push-Ups Workout • Free Goal,2025-10-21 21:17:42+00:00,773,80,0.78,25.35
16211657885,Push-Ups Workout • Free Goal,2025-10-21 21:31:06+00:00,15,21,0.59,6.65
16216634692,Push-Ups Workout • Free Goal,2025-10-22 06:18:43+00:00,16,20,0.75,6.34
16216804043,Push-Ups Workout • Free Goal,2025-10-22 06:39:02+00:00,17,21,0.69,6.65
16216826577,Push-Ups Workout • Free Goal,2025-10-22 06:41:56+00:00,18,21,0.79,6.65
16216842481,Push-Ups Workout • Free Goal,2025-10-22 06:43:26+00:00,48,41,0.81,12.99
16216897187,Push-Ups Workout • Free Goal,2025-10-22 06:50:33+00:00,49,41,0.79,12.99
16216909772,Push-Ups Workout • Free Goal,2025-10-22 06:52:44+00:00,17,21,0.75,6.65
16216996583,Push-Ups Workout • Free Goal,2025-10-22 07:02:57+00:00,72,42,0.72,13.31
16227318802,Push-Ups Workout • Free Goal,2025-10-23 06:36:36+00:00,22,25,0.72,7.92
16227328152,Push-Ups Workout • Free Goal,2025-10-23 06:37:55+00:00,17,21,0.74,6.65
16232316143,Push-Ups Workout • Free Goal,2025-10-23 20:55:34+00:00,18,21,0.76,6.65
16232353561,Push-Ups Workout • Free Goal,2025-10-23 21:00:21+00:00,18,22,0.78,6.97
16232378964,Push-Ups Workout • Free Goal,2025-10-23 21:03:36+00:00,19,21,0.85,6.65
16232395718,Push-Ups Workout • Free Goal,2025-10-23 21:05:46+00:00,17,21,0.76,6.65
16232400042,Push-Ups Workout • Free Goal,2025-10-23 21:06:20+00:00,20,21,0.87,6.65
16232419423,Push-Ups Workout • Goal: 20-20-20,2025-10-23 21:07:39+00:00,85,60,0.86,19.01
16237029366,Push-Ups Workout • Goal: 20-20-20,2025-10-24 06:44:06+00:00,100,60,1.11,19.01
16237067321,Push-Ups Workout • Free Goal,2025-10-24 06:51:04+00:00,21,26,0.72,8.24
16237079256,Push-Ups Workout • Goal: 20-20-20,2025-10-24 06:51:44+00:00,88,60,0.9,19.01
16242368448,Push-Ups Workout • Free Goal,2025-10-24 21:54:21+00:00,21,21,0.82,6.65
16242376338,Push-Ups Workout • Free Goal,2025-10-24 21:54:58+00:00,18,21,0.75,6.65
16242380834,Push-Ups Workout • Free Goal,2025-10-24 21:55:52+00:00,17,21,0.74,6.65
16251865480,Push-Ups Workout • Goal: 20-20-20,2025-10-25 20:54:48+00:00,142,60,1.79,19.01
16251994794,Push-Ups Workout • Free Goal,2025-10-25 21:02:28+00:00,23,25,0.82,7.92
16252036384,Push-Ups Workout • Free Goal,2025-10-25 21:08:58+00:00,19,21,0.76,6.65
16252051551,Push-Ups Workout • Goal: 20-20-20,2025-10-25 21:12:47+00:00,59,40,1.01,12.68
16252135912,Push-Ups Workout • Goal: 20-20-20,2025-10-25 21:17:36+00:00,220,60,3.09,19.01
16263101257,Push-Ups Workout • Goal: 20-20-20,2025-10-26 21:36:11+00:00,283,60,4.12,19.01
16267169814,Push-Ups Workout • Goal: 20-20-20,2025-10-27 06:35:20+00:00,87,60,0.88,19.01
16267229978,Push-Ups Workout • Goal: 20-20-20,2025-10-27 06:49:21+00:00,86,60,0.86,19.01
16276636379,Push-Ups Workout • Goal: 20-20-20,2025-10-28 06:55:22+00:00,86,60,0.88,19.01
16282006492,Push-Ups Workout • Goal: 20-20-20,2025-10-28 21:10:15+00:00,203,60,2.78,19.01
16282014668,Push-Ups Workout • Free Goal,2025-10-28 21:14:55+00:00,38,50,0.71,15.84
16282196476,Push-Ups Workout • Free Goal,2025-10-28 21:38:02+00:00,23,31,0.65,9.82
16287119586,Push-Ups Workout • Goal: 20-20-20,2025-10-29 06:22:24+00:00,18,20,0.75,6.34
16287126428,Push-Ups Workout • Free Goal,2025-10-29 06:22:57+00:00,32,30,0.96,9.51
16287382220,Push-Ups Workout • Free Goal,2025-10-29 06:55:45+00:00,42,50,0.74,15.84
16292581311,Push-Ups Workout • Goal: 20-20-20,2025-10-29 21:02:23+00:00,391,60,5.9,19.01
16302567031,Push-Ups Workout • Free Goal,2025-10-30 21:07:23+00:00,46,50,0.82,15.84
16307451900,Push-Ups Workout • Goal: 25-25-25,2025-10-31 06:51:39+00:00,503,75,6.22,23.77
16312478975,Push-Ups Workout • Free Goal,2025-10-31 21:51:12+00:00,41,50,0.78,15.84
16332072351,Push-Ups Workout • Free Goal,2025-11-02 21:40:16+00:00,22,25,0.81,7.92
16332155272,Push-Ups Workout • Free Goal,2025-11-02 21:42:23+00:00,22,25,0.75,7.92
16332237529,Push-Ups Workout • Free Goal,2025-11-02 21:48:30+00:00,21,26,0.75,8.24
16332245593,Push-Ups Workout • Free Goal,2025-11-02 21:56:04+00:00,20,25,0.73,7.92
16332488059,Push-Ups Workout • Free Goal,2025-11-02 22:17:20+00:00,42,50,0.79,15.84
16332651461,Push-Ups Workout • Free Goal,2025-11-02 22:32:07+00:00,39,51,0.74,16.16
16337199181,Push-Ups Workout • Free Goal,2025-11-03 07:55:58+00:00,30,36,0.77,11.41
16337222957,Push-Ups Workout • Free Goal,2025-11-03 08:01:10+00:00,30,35,0.79,11.09
16346868024,Push-Ups Workout • Goal: 25-25-25,2025-11-04 07:48:15+00:00,95,75,0.8,23.77
16346943268,Push-Ups Workout • Goal: 25-25-25,2025-11-04 07:58:05+00:00,100,75,0.88,23.77
16363741398,Push-Ups Workout • Free Goal,2025-11-05 22:33:34+00:00,42,51,0.75,16.16
16363895671,Push-Ups Workout • Free Goal,2025-11-05 22:53:03+00:00,38,51,0.68,16.16
16363934764,Push-Ups Workout • Free Goal,2025-11-05 22:56:51+00:00,31,44,0.67,13.94
16368937322,Push-Ups Workout • Free Goal,2025-11-06 07:59:49+00:00,36,51,0.68,16.16
16391427068,Push-Ups Workout • Free Goal,2025-11-08 18:07:26+00:00,38,51,0.7,16.16
16392656259,Push-Ups Workout • Free Goal,2025-11-08 19:53:34+00:00,59,50,1.08,15.84
16393067216,Push-Ups Workout • Free Goal,2025-11-08 20:32:13+00:00,47,50,0.89,15.84
16394217037,Push-Ups Workout • Free Goal,2025-11-08 22:22:04+00:00,42,51,0.77,16.16
16419125346,Push-Ups Workout • Free Goal,2025-11-11 07:45:28+00:00,44,50,0.8,15.84
16419190709,Push-Ups Workout • Free Goal,2025-11-11 07:54:16+00:00,40,51,0.73,16.16
16430410201,Push-Ups Workout • Free Goal,2025-11-12 07:50:41+00:00,43,51,0.8,16.16
16451003447,Push-Ups Workout • Free Goal,2025-11-14 07:57:25+00:00,40,51,0.73,16.16
16456064110,Push-Ups Workout • Free Goal,2025-11-14 23:03:31+00:00,41,50,0.74,15.84
16456085822,Push-Ups Workout • Free Goal,2025-11-14 23:06:29+00:00,21,25,0.73,7.92
16465534177,Push-Ups Workout • Goal: 25-25-25,2025-11-15 22:13:59+00:00,186,75,2.02,23.77
16465612081,Push-Ups Workout • Goal: 25-25-25,2025-11-15 22:18:39+00:00,182,75,1.96,23.77
16465627920,Push-Ups Workout • Goal: 25-25-25,2025-11-15 22:25:50+00:00,65,50,0.9,15.84
16475648808,Push-Ups Workout • Goal: 25-25-25,2025-11-16 21:28:11+00:00,140,75,1.41,23.77
16475749063,Push-Ups Workout • Goal: 15-20-25,2025-11-16 21:37:59+00:00,110,60,1.26,19.01
16475977265,Push-Ups Workout • Goal: 15-15-15,2025-11-16 21:59:40+00:00,67,45,0.74,14.26
16476062720,Push-Ups Workout • Goal: 15-15-15,2025-11-16 22:07:18+00:00,75,45,0.91,14.26
16480582884,Push-Ups Workout • Goal: 15-15-15,2025-11-17 07:46:05+00:00,76,45,0.93,14.26
16489765484,Push-Ups Workout • Goal: 15-15-15,2025-11-18 07:45:16+00:00,63,45,0.84,14.26
16489786167,Push-Ups Workout • Goal: 15-15-15-15-15,2025-11-18 07:46:54+00:00,134,75,0.89,23.77
16489846142,Push-Ups Workout • Goal: 15-15-15-15-15,2025-11-18 07:54:57+00:00,158,75,1.2,23.77
16489889137,Push-Ups Workout • Free Goal,2025-11-18 08:03:19+00:00,22,31,0.68,9.82
16500107282,Push-Ups Workout • Goal: 20-20-20-20-20,2025-11-19 07:46:07+00:00,209,100,1.41,31.69
16500175130,Push-Ups Workout • Goal: 20-20-20-20-20,2025-11-19 07:53:49+00:00,282,100,2.14,31.69
16510002535,Push-Ups Workout • Goal: 20-20-20-20-20,2025-11-20 07:41:22+00:00,147,100,0.79,31.69
16510084065,Push-Ups Workout • Free Goal,2025-11-20 07:51:26+00:00,40,50,0.75,15.84
16510093251,Push-Ups Workout • Free Goal,2025-11-20 07:55:48+00:00,58,51,1.09,16.16
16519625152,Push-Ups Workout • Goal: 20-20-20-20-20,2025-11-21 07:24:21+00:00,165,100,0.97,31.69
16519678982,Push-Ups Workout • Goal: 20-20-20-20-20,2025-11-21 07:32:33+00:00,181,100,1.13,31.69
16533964217,Push-Ups Workout • Goal: 20-20-20-20-20,2025-11-22 22:12:47+00:00,327,100,2.5,31.69
16557323684,Push-Ups Workout • Goal: 20-20-20-20-20,2025-11-25 07:59:24+00:00,50,40,0.73,12.68
16614825642,Push-Ups Workout • Goal: 20-20-20-20-20,2025-12-01 07:51:34+00:00,91,60,0.89,19.01
16623574071,Push-Ups Workout • Goal: 20-20-20-20-20,2025-12-02 07:42:58+00:00,234,100,1.64,31.69
16629218437,Push-Ups Workout • Free Goal,2025-12-02 23:09:53+00:00,38,51,0.71,16.16
16643309479,Push-Ups Workout • Goal: 20-20-20-20-20,2025-12-04 07:09:02+00:00,136,80,1.0,25.35
16652656418,Push-Ups Workout • Free Goal,2025-12-05 07:46:57+00:00,34,44,0.74,13.94
16665593778,Push-Ups Workout • Free Goal,2025-12-06 20:23:51+00:00,35,44,0.73,13.94
16665602611,Push-Ups Workout • Free Goal,2025-12-06 21:00:56+00:00,37,56,0.61,17.75
16675946985,Push-Ups Workout • 53 Reps Goal,2025-12-07 21:52:04+00:00,31,32,0.91,10.14
16684838465,Push-Ups Workout • Free Goal,2025-12-08 22:34:53+00:00,238,51,4.57,16.16
16703939467,Push-Ups Workout • Free Goal,2025-12-10 22:21:13+00:00,15,21,0.63,6.65
16729167825,Push-Ups Workout • Free Goal,2025-12-13 18:41:45+00:00,35,41,0.77,12.99
16729725303,Push-Ups Workout • Free Goal,2025-12-13 19:32:23+00:00,54,68,0.69,21.55
16731385362,Push-Ups Workout • Free Goal,2025-12-13 22:24:36+00:00,34,46,0.65,14.58
16736537163,Push-Ups Workout • Free Goal,2025-12-14 12:01:40+00:00,33,41,0.71,12.99
16736538798,Push-Ups Workout • Free Goal,2025-12-14 12:07:10+00:00,25,26,0.88,8.24
16738865031,Push-Ups Workout • Free Goal,2025-12-14 19:02:31+00:00,93,65,1.32,20.6
16738912156,Push-Ups Workout • Free Goal,2025-12-14 19:05:16+00:00,120,51,2.23,16.16
16738929585,Push-Ups Workout • Free Goal,2025-12-14 19:08:06+00:00,21,20,0.87,6.34
16738958556,Push-Ups Workout • Free Goal,2025-12-14 19:09:22+00:00,68,30,2.1,9.51
16738977681,Push-Ups Workout • Free Goal,2025-12-14 19:11:23+00:00,23,20,0.89,6.34
16738991479,Push-Ups Workout • Free Goal,2025-12-14 19:12:25+00:00,15,15,0.76,4.75
16739013021,Push-Ups Workout • Free Goal,2025-12-14 19:13:50+00:00,21,18,0.91,5.7
16739033373,Push-Ups Workout • Free Goal,2025-12-14 19:15:28+00:00,14,15,0.75,4.75
16753408042,Push-Ups Workout • Free Goal,2025-12-16 07:50:46+00:00,52,58,0.83,18.38
16758091192,Push-Ups Workout • Free Goal,2025-12-16 21:37:59+00:00,1042,99,10.37,31.37
16758214343,Push-Ups Workout • Free Goal,2025-12-16 21:55:38+00:00,938,69,0.77,21.87
16762958259,Push-Ups Workout • Free Goal,2025-12-17 07:51:53+00:00,186,80,0.83,25.35
16763005726,Push-Ups Workout • Free Goal,2025-12-17 07:58:53+00:00,175,67,0.81,21.23
16765847322,Push-Ups Workout • Free Goal,2025-12-17 18:32:35+00:00,34,41,0.73,12.99
16765851490,Push-Ups Workout • Free Goal,2025-12-17 18:33:29+00:00,13,13,0.79,4.12
16772212119,Push-Ups Workout • Free Goal,2025-12-18 07:52:52+00:00,311,85,0.84,26.94
16772251354,Push-Ups Workout • Free Goal,2025-12-18 08:03:21+00:00,41,54,0.73,17.11
16772255191,Push-Ups Workout • Free Goal,2025-12-18 08:04:25+00:00,16,21,0.71,6.65
16776820443,Push-Ups Workout • Free Goal,2025-12-18 22:33:53+00:00,30,41,0.62,12.99
16780692916,Push-Ups Workout • Free Goal,2025-12-19 07:29:34+00:00,228,90,0.79,28.52
16780784480,Push-Ups Workout • Free Goal,2025-12-19 07:46:50+00:00,23,31,0.65,9.82
16780789139,Push-Ups Workout • Free Goal,2025-12-19 07:48:28+00:00,30,41,0.69,12.99
16780805288,Push-Ups Workout • Free Goal,2025-12-19 07:51:12+00:00,29,40,0.7,12.68
16789148792,Push-Ups Workout • Free Goal,2025-12-20 09:09:45+00:00,157,95,0.88,30.1
16794023265,Push-Ups Workout • Free Goal,2025-12-20 22:49:00+00:00,30,36,0.76,11.41
16794038961,Push-Ups Workout • Free Goal,2025-12-20 22:50:14+00:00,30,35,0.77,11.09
16794070049,Push-Ups Workout • Free Goal,2025-12-20 22:52:58+00:00,27,35,0.69,11.09
16798759746,Push-Ups Workout • Free Goal,2025-12-21 12:18:22+00:00,24,31,0.7,9.82
16799992900,Push-Ups Workout • Free Goal,2025-12-21 17:38:54+00:00,35,42,0.72,13.31
16800247598,Push-Ups Workout • Free Goal,2025-12-21 17:48:30+00:00,33,41,0.68,12.99
16800256809,Push-Ups Workout • Free Goal,2025-12-21 18:11:31+00:00,32,41,0.72,12.99
16800266417,Push-Ups Workout • Free Goal,2025-12-21 18:12:27+00:00,26,26,0.78,8.24
16800315134,Push-Ups Workout • Free Goal,2025-12-21 18:16:31+00:00,30,41,0.67,12.99
16807013198,Push-Ups Workout • Free Goal,2025-12-22 07:50:52+00:00,42,56,0.69,17.75
16807029249,Push-Ups Workout • Free Goal,2025-12-22 07:52:50+00:00,96,56,0.85,17.75
16807036217,Push-Ups Workout • Free Goal,2025-12-22 07:56:35+00:00,36,40,0.83,12.68
16807039422,Push-Ups Workout • Free Goal,2025-12-22 07:58:19+00:00,30,30,0.89,9.51
16807045202,Push-Ups Workout • Free Goal,2025-12-22 07:59:42+00:00,22,25,0.77,7.92
16815549957,Push-Ups Workout • Free Goal,2025-12-23 07:46:01+00:00,120,90,0.76,28.52
16815578121,Push-Ups Workout • Free Goal,2025-12-23 07:49:01+00:00,199,96,0.79,30.42
16815667710,Push-Ups Workout • Free Goal,2025-12-23 08:05:39+00:00,17,25,0.58,7.92
16824656100,Push-Ups Workout • Free Goal,2025-12-24 07:40:53+00:00,78,80,0.93,25.35
16824701884,Push-Ups Workout • Free Goal,2025-12-24 07:49:07+00:00,36,51,0.67,16.16
16824716835,Push-Ups Workout • Free Goal,2025-12-24 07:51:16+00:00,55,50,1.06,15.84
16824724207,Push-Ups Workout • Free Goal,2025-12-24 07:53:01+00:00,23,31,0.67,9.82
16833267608,Push-Ups Workout • Free Goal,2025-12-25 07:32:44+00:00,77,65,1.13,20.6
16833275322,Push-Ups Workout • Free Goal,2025-12-25 07:35:12+00:00,32,35,0.84,11.09
16833307653,Push-Ups Workout • Free Goal,2025-12-25 07:42:07+00:00,56,55,0.96,17.43
16833355328,Push-Ups Workout • Free Goal,2025-12-25 07:52:04+00:00,43,50,0.81,15.84
16840382933,Push-Ups Workout • Free Goal,2025-12-26 07:49:51+00:00,42,50,0.79,15.84
16840410763,Push-Ups Workout • Free Goal,2025-12-26 07:55:53+00:00,34,50,0.65,15.84
16845396904,Push-Ups Workout • Free Goal,2025-12-26 22:39:12+00:00,44,60,0.65,19.01
16845516120,Push-Ups Workout • Free Goal,2025-12-26 22:51:06+00:00,34,51,0.61,16.16
16864831399,Push-Ups Workout • Free Goal,2025-12-28 22:06:30+00:00,28,40,0.62,12.68
16864843139,Push-Ups Workout • Free Goal,2025-12-28 22:07:31+00:00,29,40,0.66,12.68
16865040080,Push-Ups Workout • Free Goal,2025-12-28 22:24:26+00:00,43,61,0.63,19.33
16865071538,Push-Ups Workout • Free Goal,2025-12-28 22:27:01+00:00,31,40,0.7,12.68
16865125359,Push-Ups Workout • Free Goal,2025-12-28 22:28:19+00:00,20,25,0.69,7.92
16869350847,Push-Ups Workout • Free Goal,2025-12-29 07:24:59+00:00,39,50,0.71,15.84
16869364242,Push-Ups Workout • Free Goal,2025-12-29 07:27:11+00:00,38,50,0.62,15.84
16869375609,Push-Ups Workout • Free Goal,2025-12-29 07:29:13+00:00,45,50,0.85,15.84
16869573403,Push-Ups Workout • Free Goal,2025-12-29 07:58:34+00:00,35,51,0.64,16.16
16878759841,Push-Ups Workout • Free Goal,2025-12-30 07:24:33+00:00,39,50,0.69,15.84
16878795795,Push-Ups Workout • Free Goal,2025-12-30 07:29:20+00:00,44,50,0.84,15.84
16878886715,Push-Ups Workout • Free Goal,2025-12-30 07:41:39+00:00,33,51,0.63,16.16
16879035847,Push-Ups Workout • Free Goal,2025-12-30 08:03:01+00:00,36,51,0.64,16.16
16888840033,Push-Ups Workout • Free Goal,2025-12-31 07:26:03+00:00,36,50,0.65,15.84
16889028368,Push-Ups Workout • Free Goal,2025-12-31 07:52:37+00:00,34,50,0.64,15.84
16889072811,Push-Ups Workout • Free Goal,2025-12-31 07:58:59+00:00,36,50,0.65,15.84
16889086755,Push-Ups Workout • Free Goal,2025-12-31 08:00:54+00:00,41,50,0.71,15.84
16902550979,Push-Ups Workout • Free Goal,2026-01-01 21:00:40+00:00,40,61,0.57,19.26
16903239901,Push-Ups Workout • Free Goal,2026-01-01 22:15:50+00:00,42,62,0.58,19.57
16903353950,Push-Ups Workout • Free Goal,2026-01-01 22:28:34+00:00,42,61,0.63,19.26
16903365781,Push-Ups Workout • Free Goal,2026-01-01 22:29:57+00:00,20,30,0.57,9.47
16908763115,Push-Ups Workout • Free Goal,2026-01-02 11:44:46+00:00,71,80,0.81,25.26
16912432452,Push-Ups Workout • Free Goal,2026-01-02 21:40:45+00:00,32,41,0.15,12.94
16912442313,Push-Ups Workout • Free Goal,2026-01-02 21:41:49+00:00,28,41,0.6,12.94
16912555114,Push-Ups Workout • Free Goal,2026-01-02 21:52:58+00:00,32,50,0.57,15.79
16924183775,Push-Ups Workout • Free Goal,2026-01-03 22:24:29+00:00,1204,99,0.62,31.26
16924326410,Push-Ups Workout • Free Goal,2026-01-03 22:54:46+00:00,63,90,0.66,28.41
16924451118,Push-Ups Workout • Free Goal,2026-01-03 23:03:29+00:00,9,12,0.61,3.79
16928925285,Push-Ups Workout • Free Goal,2026-01-04 07:49:11+00:00,44,60,0.65,18.94
16935317175,Push-Ups Workout • Free Goal,2026-01-04 22:31:49+00:00,41,61,0.59,19.26
16935494625,Push-Ups Workout • Free Goal,2026-01-04 22:45:22+00:00,69,80,0.78,25.26
16940289303,Push-Ups Workout • Free Goal,2026-01-05 07:42:51+00:00,24,31,0.65,9.79
16940293142,Push-Ups Workout • Free Goal,2026-01-05 07:43:31+00:00,23,30,0.68,9.47
16940302666,Push-Ups Workout • Free Goal,2026-01-05 07:45:17+00:00,22,30,0.67,9.47
16940339258,Push-Ups Workout • Free Goal,2026-01-05 07:51:33+00:00,22,31,0.64,9.79
16940370400,Push-Ups Workout • Free Goal,2026-01-05 07:57:39+00:00,21,30,0.61,9.47
16940374117,Push-Ups Workout • Free Goal,2026-01-05 07:58:21+00:00,21,30,0.64,9.47
16940382363,Push-Ups Workout • Free Goal,2026-01-05 07:59:48+00:00,21,30,0.66,9.47
16950707766,Push-Ups Workout • Free Goal,2026-01-06 07:44:40+00:00,96,105,0.82,33.15
16950813034,Push-Ups Workout • Free Goal,2026-01-06 07:57:04+00:00,38,55,0.61,17.36
16950839204,Push-Ups Workout • Free Goal,2026-01-06 08:00:08+00:00,27,40,0.61,12.63
